,match_id,p1_ace,p2_ace,p1_shot_winner,p2_shot_winner,p1_double_fault,p2_double_fault,p1_unforced_error,p2_unforced_error,p1_net_point_won,p2_net_point_won,p1_break_point_won,p2_break_point_won,p1_first_serve_in,p2_first_serve_in,p1_first_serve_won,p2_first_serve_won,p1_second_serve_in,p2_second_serve_in,p1_second_serve_won,p2_second_serve_won,p1_forced_error,p2_forced_error,match_winner
0,2011-frenchopen-1101,8.0,13.0,50.0,54.0,1.0,3.0,27.0,58.0,0.043333333333333335,0.14333333333333334,0.016666666666666666,0.0033333333333333335,0.3233333333333333,0.37333333333333335,0.2633333333333333,0.25333333333333335,0.12,0.16666666666666666,0.08666666666666667,0.10333333333333333,55.0,55.0,0
1,2011-frenchopen-1104,0.0,4.0,22.0,27.0,0.0,3.0,35.0,24.0,0.03783783783783784,0.10270270270270271,0.005405405405405406,0.02702702702702703,0.2594594594594595,0.3783783783783784,0.15135135135135136,0.2648648648648649,0.1891891891891892,0.15135135135135136,0.10810810810810811,0.10810810810810811,42.0,34.0,1
2,2011-frenchopen-1105,12.0,7.0,36.0,32.0,5.0,4.0,24.0,35.0,0.02912621359223301,0.07281553398058252,0.024271844660194174,0.0048543689320388345,0.25728155339805825,0.28640776699029125,0.18446601941747573,0.2087378640776699,0.2087378640776699,0.19902912621359223,0.1553398058252427,0.10194174757281553,39.0,39.0,0
3,2011-frenchopen-1106,10.0,4.0,40.0,23.0,0.0,1.0,34.0,20.0,0.10674157303370786,0.0449438202247191,0.02247191011235955,0.0056179775280898875,0.28651685393258425,0.33146067415730335,0.21910112359550563,0.2247191011235955,0.1853932584269663,0.1853932584269663,0.12921348314606743,0.0898876404494382,21.0,39.0,0
4,2011-frenchopen-1108,0.0,7.0,20.0,60.0,2.0,9.0,42.0,64.0,0.056179775280898875,0.08239700374531835,0.011235955056179775,0.02247191011235955,0.2808988764044944,0.32209737827715357,0.15355805243445692,0.24344569288389514,0.18352059925093633,0.16853932584269662,0.11610486891385768,0.0898876404494382,41.0,39.0,1
5,2011-frenchopen-1109,12.0,3.0,47.0,25.0,2.0,4.0,36.0,47.0,0.054474708171206226,0.04669260700389105,0.027237354085603113,0.007782101167315175,0.2490272373540856,0.3151750972762646,0.19455252918287938,0.20233463035019456,0.1828793774319066,0.22568093385214008,0.10116731517509728,0.10894941634241245,56.0,45.0,0
6,2011-frenchopen-1111,4.0,4.0,19.0,21.0,4.0,6.0,22.0,20.0,0.087248322147651,0.040268456375838924,0.03355704697986577,0.006711409395973154,0.28859060402684567,0.28187919463087246,0.24161073825503357,0.18791946308724833,0.18791946308724833,0.16778523489932887,0.12751677852348994,0.10738255033557047,21.0,45.0,0
7,2011-frenchopen-1112,1.0,4.0,24.0,36.0,6.0,3.0,47.0,32.0,0.08121827411167512,0.07106598984771574,0.01015228426395939,0.04060913705583756,0.4010152284263959,0.23857868020304568,0.20812182741116753,0.17766497461928935,0.08121827411167512,0.22842639593908629,0.03553299492385787,0.14720812182741116,34.0,23.0,1
8,2011-frenchopen-1113,8.0,1.0,36.0,32.0,1.0,3.0,26.0,35.0,0.06944444444444445,0.06481481481481481,0.023148148148148147,0.004629629629629629,0.2777777777777778,0.30092592592592593,0.2175925925925926,0.19907407407407407,0.18981481481481483,0.20833333333333334,0.10648148148148148,0.08796296296296297,36.0,50.0,0
9,2011-frenchopen-1116,14.0,11.0,30.0,56.0,4.0,5.0,24.0,45.0,0.028925619834710745,0.128099173553719,0.008264462809917356,0.024793388429752067,0.2603305785123967,0.2975206611570248,0.16942148760330578,0.2396694214876033,0.2396694214876033,0.16115702479338842,0.13636363636363635,0.10743801652892562,55.0,31.0,1
10,2011-frenchopen-1117,12.0,0.0,39.0,17.0,2.0,3.0,25.0,26.0,0.0949367088607595,0.08227848101265822,0.04430379746835443,0.012658227848101266,0.2848101265822785,0.2974683544303797,0.2468354430379747,0.14556962025316456,0.189873417721519,0.189873417721519,0.08860759493670886,0.10126582278481013,21.0,29.0,0
11,2011-frenchopen-1119,6.0,3.0,45.0,34.0,4.0,3.0,53.0,34.0,0.11877394636015326,0.08045977011494253,0.019157088122605363,0.019157088122605363,0.24521072796934865,0.3716475095785441,0.19157088122605365,0.24904214559386972,0.2222222222222222,0.13026819923371646,0.10344827586206896,0.06513409961685823,44.0,50.0,0
12,2011-frenchopen-1121,14.0,3.0,48.0,7.0,3.0,7.0,34.0,18.0,0.059880239520958084,0.029940119760479042,0.041916167664670656,0.005988023952095809,0.25149700598802394,0.3413173652694611,0.20958083832335328,0.2155688622754491,0.1377245508982036,0.20359281437125748,0.07784431137724551,0.0718562874251497,27.0,32.0,0
13,2011-frenchopen-1124,1.0,20.0,26.0,45.0,0.0,1.0,26.0,23.0,0.12,0.06285714285714286,0.005714285714285714,0.02857142857142857,0.3314285714285714,0.3028571428571429,0.2,0.26285714285714284,0.17142857142857143,0.18285714285714286,0.08571428571428572,0.08571428571428572,28.0,26.0,1
14,2011-frenchopen-1125,18.0,5.0,69.0,75.0,6.0,10.0,23.0,58.0,0.051515151515151514,0.19090909090909092,0.02727272727272727,0.01818181818181818,0.2636363636363636,0.3181818181818182,0.20303030303030303,0.19696969696969696,0.18484848484848485,0.18181818181818182,0.1,0.10909090909090909,57.0,47.0,1
15,2011-frenchopen-1129,22.0,9.0,64.0,45.0,3.0,6.0,33.0,36.0,0.0683453237410072,0.0683453237410072,0.017985611510791366,0.007194244604316547,0.28776978417266186,0.39928057553956836,0.2302158273381295,0.26618705035971224,0.14388489208633093,0.13309352517985612,0.08992805755395683,0.07553956834532374,51.0,48.0,0
16,2011-frenchopen-1131,8.0,13.0,50.0,58.0,2.0,10.0,28.0,47.0,0.05144694533762058,0.06752411575562701,0.012861736334405145,0.01607717041800643,0.2861736334405145,0.3279742765273312,0.2057877813504823,0.24758842443729903,0.15434083601286175,0.18971061093247588,0.07395498392282958,0.09003215434083602,71.0,56.0,1
17,2011-frenchopen-1132,2.0,6.0,29.0,28.0,3.0,2.0,34.0,15.0,0.052941176470588235,0.029411764705882353,0.0058823529411764705,0.029411764705882353,0.3235294117647059,0.2823529411764706,0.2,0.20588235294117646,0.1588235294117647,0.2,0.07647058823529412,0.13529411764705881,34.0,29.0,1
18,2011-frenchopen-1133,4.0,3.0,29.0,18.0,0.0,2.0,16.0,27.0,0.11194029850746269,0.05970149253731343,0.03731343283582089,0.0,0.31343283582089554,0.34328358208955223,0.27611940298507465,0.20149253731343283,0.1417910447761194,0.1791044776119403,0.11194029850746269,0.09701492537313433,15.0,28.0,0
19,2011-frenchopen-1134,7.0,0.0,30.0,27.0,3.0,6.0,32.0,44.0,0.08292682926829269,0.08780487804878048,0.03902439024390244,0.00975609756097561,0.3073170731707317,0.2975609756097561,0.2146341463414634,0.15121951219512195,0.17073170731707318,0.17560975609756097,0.1024390243902439,0.0975609756097561,28.0,43.0,0
20,2011-frenchopen-1135,1.0,0.0,33.0,31.0,5.0,6.0,40.0,53.0,0.02702702702702703,0.08108108108108109,0.036036036036036036,0.013513513513513514,0.31981981981981983,0.32432432432432434,0.2072072072072072,0.17567567567567569,0.13513513513513514,0.16666666666666666,0.07207207207207207,0.06756756756756757,27.0,37.0,0
21,2011-frenchopen-1136,0.0,13.0,31.0,49.0,2.0,1.0,35.0,34.0,0.04838709677419355,0.06854838709677419,0.016129032258064516,0.03225806451612903,0.27419354838709675,0.3064516129032258,0.1693548387096774,0.22983870967741934,0.20967741935483872,0.1935483870967742,0.10483870967741936,0.09274193548387097,50.0,48.0,1
22,2011-frenchopen-1137,11.0,6.0,38.0,48.0,6.0,3.0,37.0,27.0,0.11392405063291139,0.07172995780590717,0.004219409282700422,0.02109704641350211,0.31645569620253167,0.29957805907172996,0.23628691983122363,0.24050632911392406,0.1518987341772152,0.189873417721519,0.08438818565400844,0.12658227848101267,43.0,43.0,1
23,2011-frenchopen-1139,2.0,11.0,10.0,23.0,1.0,2.0,41.0,20.0,0.03571428571428571,0.02857142857142857,0.007142857142857143,0.04285714285714286,0.3357142857142857,0.2857142857142857,0.2,0.2357142857142857,0.17142857142857143,0.17857142857142858,0.07142857142857142,0.12857142857142856,21.0,24.0,1
24,2011-frenchopen-1140,3.0,5.0,37.0,24.0,5.0,1.0,59.0,25.0,0.10526315789473684,0.05263157894736842,0.009569377990430622,0.028708133971291867,0.28708133971291866,0.24880382775119617,0.17703349282296652,0.20095693779904306,0.22488038277511962,0.20574162679425836,0.12440191387559808,0.13875598086124402,37.0,26.0,1
25,2011-frenchopen-1141,6.0,0.0,34.0,21.0,4.0,2.0,41.0,31.0,0.06550218340611354,0.034934497816593885,0.021834061135371178,0.008733624454148471,0.3318777292576419,0.3537117903930131,0.24017467248908297,0.23580786026200873,0.17467248908296942,0.1091703056768559,0.11790393013100436,0.039301310043668124,39.0,62.0,0
26,2011-frenchopen-1143,3.0,6.0,9.0,26.0,1.0,0.0,27.0,21.0,0.04487179487179487,0.038461538461538464,0.01282051282051282,0.04487179487179487,0.3269230769230769,0.25,0.20512820512820512,0.21153846153846154,0.2564102564102564,0.15384615384615385,0.08333333333333333,0.08974358974358974,41.0,31.0,1
27,2011-frenchopen-1144,3.0,8.0,26.0,33.0,1.0,1.0,28.0,21.0,0.09032258064516129,0.0967741935483871,0.0,0.03225806451612903,0.2967741935483871,0.3096774193548387,0.18064516129032257,0.22580645161290322,0.16129032258064516,0.2129032258064516,0.07741935483870968,0.14193548387096774,28.0,18.0,1
28,2011-frenchopen-1147,2.0,5.0,58.0,50.0,6.0,1.0,70.0,41.0,0.09295774647887324,0.05352112676056338,0.01971830985915493,0.030985915492957747,0.2619718309859155,0.38873239436619716,0.16901408450704225,0.23661971830985915,0.2056338028169014,0.12112676056338029,0.08169014084507042,0.059154929577464786,68.0,67.0,1
29,2011-frenchopen-1148,7.0,12.0,31.0,40.0,3.0,0.0,30.0,31.0,0.08465608465608465,0.06349206349206349,0.0,0.010582010582010581,0.3333333333333333,0.2962962962962963,0.21693121693121692,0.25396825396825395,0.1746031746031746,0.1746031746031746,0.1164021164021164,0.10582010582010581,34.0,22.0,1
30,2011-frenchopen-1149,16.0,12.0,40.0,62.0,3.0,6.0,33.0,42.0,0.03559870550161812,0.05825242718446602,0.016181229773462782,0.022653721682847898,0.30097087378640774,0.26537216828478966,0.23300970873786409,0.20388349514563106,0.19093851132686085,0.21035598705501618,0.0744336569579288,0.10032362459546926,59.0,72.0,1
31,2011-frenchopen-1150,1.0,1.0,31.0,20.0,7.0,3.0,27.0,43.0,0.07975460122699386,0.06748466257668712,0.04294478527607362,0.012269938650306749,0.27607361963190186,0.27607361963190186,0.2147239263803681,0.15950920245398773,0.1901840490797546,0.1901840490797546,0.11042944785276074,0.08588957055214724,23.0,18.0,0
32,2011-frenchopen-1152,10.0,4.0,37.0,44.0,4.0,6.0,50.0,39.0,0.07894736842105263,0.039473684210526314,0.008771929824561403,0.02631578947368421,0.30701754385964913,0.23684210526315788,0.20614035087719298,0.16228070175438597,0.19298245614035087,0.2149122807017544,0.09210526315789473,0.16666666666666666,31.0,26.0,1
33,2011-frenchopen-1153,9.0,1.0,33.0,23.0,1.0,3.0,67.0,34.0,0.05855855855855856,0.04504504504504504,0.013513513513513514,0.02252252252252252,0.27927927927927926,0.2747747747747748,0.1981981981981982,0.1981981981981982,0.22072072072072071,0.20270270270270271,0.08558558558558559,0.10810810810810811,27.0,37.0,1
34,2011-frenchopen-1154,1.0,10.0,19.0,29.0,3.0,2.0,39.0,29.0,0.08333333333333333,0.02976190476190476,0.005952380952380952,0.02976190476190476,0.2261904761904762,0.27976190476190477,0.14285714285714285,0.22023809523809523,0.22023809523809523,0.23809523809523808,0.125,0.14285714285714285,26.0,25.0,1
35,2011-frenchopen-1156,1.0,2.0,16.0,32.0,5.0,4.0,33.0,45.0,0.05612244897959184,0.05102040816326531,0.01020408163265306,0.030612244897959183,0.29081632653061223,0.30612244897959184,0.1836734693877551,0.20918367346938777,0.1683673469387755,0.1836734693877551,0.07142857142857142,0.11734693877551021,44.0,25.0,1
36,2011-frenchopen-1157,6.0,3.0,35.0,20.0,2.0,2.0,28.0,38.0,0.06779661016949153,0.12429378531073447,0.02824858757062147,0.0,0.3615819209039548,0.2768361581920904,0.2768361581920904,0.1807909604519774,0.1807909604519774,0.15254237288135594,0.1016949152542373,0.062146892655367235,26.0,29.0,0
37,2011-frenchopen-1159,4.0,8.0,34.0,37.0,5.0,1.0,40.0,12.0,0.02403846153846154,0.03365384615384615,0.004807692307692308,0.019230769230769232,0.3317307692307692,0.32211538461538464,0.22115384615384615,0.25961538461538464,0.1778846153846154,0.1346153846153846,0.09615384615384616,0.07211538461538461,37.0,47.0,1
38,2011-frenchopen-1161,11.0,22.0,56.0,60.0,4.0,4.0,21.0,42.0,0.043478260869565216,0.14130434782608695,0.010869565217391304,0.0,0.3079710144927536,0.358695652173913,0.2536231884057971,0.286231884057971,0.14130434782608695,0.15942028985507245,0.10507246376811594,0.07246376811594203,47.0,49.0,0
39,2011-frenchopen-1162,6.0,9.0,25.0,20.0,9.0,6.0,55.0,20.0,0.06976744186046512,0.023255813953488372,0.011627906976744186,0.040697674418604654,0.29651162790697677,0.29069767441860467,0.18604651162790697,0.21511627906976744,0.19186046511627908,0.12790697674418605,0.06976744186046512,0.0872093023255814,26.0,25.0,1
40,2011-frenchopen-1163,5.0,2.0,58.0,25.0,7.0,6.0,79.0,25.0,0.07942238267148015,0.039711191335740074,0.018050541516245487,0.02527075812274368,0.23465703971119134,0.33574007220216606,0.16967509025270758,0.21299638989169675,0.21299638989169675,0.16606498194945848,0.08664259927797834,0.10830324909747292,45.0,44.0,1
41,2011-frenchopen-1164,5.0,0.0,19.0,25.0,3.0,2.0,34.0,19.0,0.05,0.1,0.0,0.04285714285714286,0.37142857142857144,0.3357142857142857,0.22857142857142856,0.2785714285714286,0.17857142857142858,0.07142857142857142,0.07142857142857142,0.07142857142857142,28.0,14.0,1
42,2011-frenchopen-1201,6.0,1.0,37.0,37.0,4.0,2.0,26.0,37.0,0.04219409282700422,0.08438818565400844,0.029535864978902954,0.02109704641350211,0.3628691983122363,0.3037974683544304,0.24050632911392406,0.18143459915611815,0.1518987341772152,0.1518987341772152,0.0759493670886076,0.05485232067510549,44.0,55.0,0
43,2011-frenchopen-1202,5.0,2.0,43.0,41.0,3.0,5.0,37.0,47.0,0.04225352112676056,0.09154929577464789,0.035211267605633804,0.02464788732394366,0.2676056338028169,0.3873239436619718,0.16901408450704225,0.21830985915492956,0.2147887323943662,0.09859154929577464,0.11267605633802817,0.056338028169014086,60.0,55.0,0
44,2011-frenchopen-1203,7.0,11.0,34.0,35.0,2.0,0.0,25.0,26.0,0.08695652173913043,0.10326086956521739,0.0,0.010869565217391304,0.25,0.2717391304347826,0.16304347826086957,0.24456521739130435,0.22282608695652173,0.2391304347826087,0.16847826086956522,0.1358695652173913,38.0,25.0,1
45,2011-frenchopen-1204,4.0,7.0,32.0,39.0,2.0,1.0,53.0,44.0,0.05384615384615385,0.06538461538461539,0.011538461538461539,0.019230769230769232,0.29615384615384616,0.4,0.20384615384615384,0.25,0.16153846153846155,0.12692307692307692,0.07692307692307693,0.09230769230769231,45.0,46.0,1
46,2011-frenchopen-1205,2.0,3.0,30.0,28.0,2.0,1.0,28.0,45.0,0.09743589743589744,0.08717948717948718,0.02564102564102564,0.0,0.2153846153846154,0.358974358974359,0.17435897435897435,0.21025641025641026,0.18974358974358974,0.2153846153846154,0.13333333333333333,0.1076923076923077,27.0,36.0,0
47,2011-frenchopen-1206,3.0,3.0,42.0,24.0,5.0,5.0,62.0,25.0,0.10300429184549356,0.04291845493562232,0.017167381974248927,0.030042918454935622,0.2575107296137339,0.33905579399141633,0.1630901287553648,0.22746781115879827,0.16738197424892703,0.1888412017167382,0.09012875536480687,0.1072961373390558,37.0,42.0,1
48,2011-frenchopen-1207,6.0,1.0,19.0,41.0,1.0,4.0,20.0,37.0,0.024271844660194174,0.13592233009708737,0.0048543689320388345,0.014563106796116505,0.3300970873786408,0.21359223300970873,0.21844660194174756,0.16990291262135923,0.22815533980582525,0.19902912621359223,0.13592233009708737,0.1650485436893204,51.0,37.0,1
49,2011-frenchopen-1208,8.0,7.0,17.0,27.0,2.0,7.0,27.0,24.0,0.011627906976744186,0.03488372093023256,0.005813953488372093,0.023255813953488372,0.3313953488372093,0.27906976744186046,0.22093023255813954,0.23255813953488372,0.1744186046511628,0.1569767441860465,0.09883720930232558,0.11627906976744186,40.0,36.0,1
50,2011-frenchopen-1209,10.0,2.0,31.0,34.0,7.0,1.0,35.0,58.0,0.014084507042253521,0.08450704225352113,0.028169014084507043,0.018779342723004695,0.3380281690140845,0.3192488262910798,0.2347417840375587,0.1784037558685446,0.14084507042253522,0.1596244131455399,0.08450704225352113,0.08450704225352113,28.0,26.0,0
51,2011-frenchopen-1210,4.0,9.0,45.0,52.0,2.0,4.0,46.0,40.0,0.08710801393728224,0.11498257839721254,0.017421602787456445,0.017421602787456445,0.31010452961672474,0.34146341463414637,0.20557491289198607,0.23693379790940766,0.1602787456445993,0.16376306620209058,0.08362369337979095,0.08710801393728224,49.0,54.0,0
52,2011-frenchopen-1211,6.0,4.0,30.0,10.0,2.0,7.0,26.0,30.0,0.08024691358024691,0.06172839506172839,0.030864197530864196,0.0,0.29012345679012347,0.22839506172839505,0.2222222222222222,0.16666666666666666,0.2037037037037037,0.21604938271604937,0.13580246913580246,0.10493827160493827,32.0,33.0,1
53,2011-frenchopen-1212,1.0,12.0,23.0,28.0,6.0,4.0,49.0,29.0,0.08205128205128205,0.041025641025641026,0.015384615384615385,0.035897435897435895,0.28717948717948716,0.2923076923076923,0.15384615384615385,0.2205128205128205,0.21025641025641026,0.15384615384615385,0.11282051282051282,0.07692307692307693,32.0,33.0,1
54,2011-frenchopen-1214,4.0,6.0,40.0,39.0,3.0,3.0,41.0,52.0,0.04779411764705882,0.0661764705882353,0.022058823529411766,0.011029411764705883,0.2977941176470588,0.29411764705882354,0.20955882352941177,0.19117647058823528,0.16544117647058823,0.21691176470588236,0.08823529411764706,0.09558823529411764,46.0,53.0,0
55,2011-frenchopen-1216,14.0,8.0,69.0,40.0,6.0,7.0,100.0,57.0,0.06265664160401002,0.047619047619047616,0.015037593984962405,0.012531328320802004,0.3107769423558897,0.2907268170426065,0.22305764411027568,0.20300751879699247,0.21052631578947367,0.15288220551378445,0.10526315789473684,0.08521303258145363,58.0,74.0,0
56,2011-frenchopen-1218,1.0,9.0,26.0,41.0,7.0,2.0,45.0,34.0,0.03278688524590164,0.10655737704918032,0.012295081967213115,0.020491803278688523,0.3401639344262295,0.2786885245901639,0.20491803278688525,0.20081967213114754,0.16393442622950818,0.1762295081967213,0.09836065573770492,0.11065573770491803,46.0,51.0,1
57,2011-frenchopen-1219,4.0,7.0,34.0,31.0,2.0,2.0,22.0,35.0,0.10270270270270271,0.10270270270270271,0.021621621621621623,0.005405405405405406,0.2756756756756757,0.2972972972972973,0.2,0.22162162162162163,0.20540540540540542,0.1945945945945946,0.15135135135135136,0.0918918918918919,31.0,31.0,0
58,2011-frenchopen-1220,7.0,2.0,30.0,29.0,11.0,3.0,57.0,38.0,0.06837606837606838,0.05128205128205128,0.008547008547008548,0.021367521367521368,0.2564102564102564,0.2264957264957265,0.1794871794871795,0.1581196581196581,0.2564102564102564,0.19658119658119658,0.1282051282051282,0.13247863247863248,41.0,38.0,1
59,2011-frenchopen-1221,10.0,4.0,27.0,25.0,3.0,1.0,28.0,42.0,0.023668639053254437,0.0650887573964497,0.023668639053254437,0.0,0.30177514792899407,0.3136094674556213,0.23076923076923078,0.20710059171597633,0.20118343195266272,0.15384615384615385,0.13609467455621302,0.07100591715976332,20.0,26.0,0
60,2011-frenchopen-1222,2.0,12.0,13.0,41.0,1.0,4.0,25.0,33.0,0.029556650246305417,0.09359605911330049,0.0049261083743842365,0.014778325123152709,0.27586206896551724,0.30049261083743845,0.18719211822660098,0.2561576354679803,0.19704433497536947,0.19704433497536947,0.12315270935960591,0.11822660098522167,44.0,46.0,1
61,2011-frenchopen-1223,6.0,4.0,24.0,14.0,1.0,3.0,13.0,26.0,0.07377049180327869,0.02459016393442623,0.06557377049180328,0.00819672131147541,0.29508196721311475,0.2540983606557377,0.2459016393442623,0.12295081967213115,0.1721311475409836,0.23770491803278687,0.10655737704918032,0.09836065573770492,15.0,29.0,0
62,2011-frenchopen-1224,0.0,7.0,15.0,33.0,3.0,0.0,15.0,15.0,0.08029197080291971,0.145985401459854,0.0072992700729927005,0.051094890510948905,0.2846715328467153,0.32116788321167883,0.145985401459854,0.26277372262773724,0.22627737226277372,0.1386861313868613,0.10218978102189781,0.08759124087591241,39.0,19.0,1
63,2011-frenchopen-1225,0.0,2.0,8.0,29.0,5.0,1.0,31.0,15.0,0.05,0.1,0.0,0.058333333333333334,0.225,0.3333333333333333,0.125,0.2916666666666667,0.2833333333333333,0.1,0.10833333333333334,0.06666666666666667,21.0,15.0,1
64,2011-frenchopen-1228,5.0,4.0,32.0,44.0,1.0,3.0,34.0,37.0,0.06,0.1,0.005,0.02,0.27,0.275,0.16,0.225,0.26,0.17,0.15,0.1,32.0,20.0,1
65,2011-frenchopen-1229,4.0,3.0,48.0,41.0,2.0,2.0,23.0,34.0,0.11965811965811966,0.1452991452991453,0.021367521367521368,0.008547008547008548,0.26495726495726496,0.36752136752136755,0.20085470085470086,0.2264957264957265,0.1794871794871795,0.16666666666666666,0.11965811965811966,0.08974358974358974,41.0,46.0,0
66,2011-frenchopen-1230,3.0,10.0,10.0,25.0,4.0,2.0,36.0,18.0,0.02158273381294964,0.007194244604316547,0.0,0.03597122302158273,0.26618705035971224,0.28776978417266186,0.16546762589928057,0.2517985611510791,0.2158273381294964,0.17985611510791366,0.10071942446043165,0.1366906474820144,27.0,22.0,0
67,2011-frenchopen-1231,3.0,5.0,34.0,17.0,5.0,4.0,29.0,24.0,0.06060606060606061,0.048484848484848485,0.04242424242424243,0.01818181818181818,0.30303030303030304,0.2909090909090909,0.23030303030303031,0.18181818181818182,0.17575757575757575,0.1696969696969697,0.08484848484848485,0.06060606060606061,26.0,34.0,0
68,2011-frenchopen-1232,3.0,2.0,18.0,27.0,0.0,0.0,14.0,13.0,0.06201550387596899,0.06201550387596899,0.0,0.023255813953488372,0.35658914728682173,0.31007751937984496,0.2248062015503876,0.2713178294573643,0.21705426356589147,0.10852713178294573,0.11627906976744186,0.08527131782945736,35.0,21.0,1
69,2011-frenchopen-1301,1.0,0.0,28.0,10.0,0.0,1.0,17.0,29.0,0.08196721311475409,0.03278688524590164,0.07377049180327869,0.01639344262295082,0.38524590163934425,0.27049180327868855,0.2459016393442623,0.09016393442622951,0.14754098360655737,0.18032786885245902,0.11475409836065574,0.040983606557377046,10.0,27.0,0
70,2011-frenchopen-1302,11.0,3.0,29.0,36.0,2.0,4.0,18.0,39.0,0.05759162303664921,0.041884816753926704,0.020942408376963352,0.010471204188481676,0.3298429319371728,0.3612565445026178,0.2879581151832461,0.21465968586387435,0.15706806282722513,0.11518324607329843,0.07329842931937172,0.08900523560209424,30.0,38.0,0
71,2011-frenchopen-1303,3.0,2.0,17.0,21.0,2.0,1.0,46.0,26.0,0.06875,0.05625,0.00625,0.03125,0.25,0.3,0.1625,0.225,0.19375,0.23125,0.1,0.13125,21.0,28.0,1
72,2011-frenchopen-1304,6.0,6.0,18.0,27.0,1.0,0.0,29.0,19.0,0.024539877300613498,0.049079754601226995,0.012269938650306749,0.04294478527607362,0.3496932515337423,0.3067484662576687,0.1901840490797546,0.22085889570552147,0.1411042944785276,0.1901840490797546,0.06134969325153374,0.10429447852760736,37.0,32.0,1
73,2011-frenchopen-1305,7.0,1.0,34.0,19.0,0.0,5.0,29.0,19.0,0.1111111111111111,0.14035087719298245,0.03508771929824561,0.005847953216374269,0.30994152046783624,0.3333333333333333,0.23976608187134502,0.1871345029239766,0.15204678362573099,0.1695906432748538,0.06432748538011696,0.08771929824561403,26.0,43.0,0
74,2011-frenchopen-1306,12.0,12.0,68.0,37.0,3.0,2.0,56.0,23.0,0.08203125,0.140625,0.01171875,0.01953125,0.3203125,0.25390625,0.21484375,0.1953125,0.24609375,0.15625,0.12890625,0.09375,41.0,30.0,1
75,2011-frenchopen-1307,8.0,5.0,55.0,32.0,7.0,1.0,89.0,51.0,0.08503401360544217,0.02040816326530612,0.013605442176870748,0.023809523809523808,0.35374149659863946,0.2687074829931973,0.24149659863945577,0.18027210884353742,0.17346938775510204,0.17346938775510204,0.0782312925170068,0.1054421768707483,31.0,35.0,1
76,2011-frenchopen-1308,5.0,11.0,20.0,76.0,1.0,2.0,10.0,74.0,0.027450980392156862,0.10588235294117647,0.027450980392156862,0.0196078431372549,0.34509803921568627,0.3058823529411765,0.21568627450980393,0.18823529411764706,0.12156862745098039,0.21176470588235294,0.07450980392156863,0.10980392156862745,36.0,38.0,0
77,2011-frenchopen-1309,2.0,2.0,22.0,22.0,0.0,3.0,9.0,37.0,0.12142857142857143,0.18571428571428572,0.04285714285714286,0.0,0.32142857142857145,0.2857142857142857,0.2571428571428571,0.17857142857142858,0.15714285714285714,0.20714285714285716,0.10714285714285714,0.07142857142857142,20.0,29.0,0
78,2011-frenchopen-1310,1.0,7.0,30.0,25.0,1.0,2.0,43.0,26.0,0.11734693877551021,0.04591836734693878,0.01020408163265306,0.025510204081632654,0.29591836734693877,0.3469387755102041,0.19387755102040816,0.25,0.15306122448979592,0.1836734693877551,0.061224489795918366,0.10204081632653061,40.0,31.0,1
79,2011-frenchopen-1311,7.0,10.0,44.0,54.0,2.0,0.0,43.0,53.0,0.10397553516819572,0.11926605504587157,0.01834862385321101,0.012232415902140673,0.345565749235474,0.3241590214067278,0.2415902140672783,0.23547400611620795,0.18960244648318042,0.13149847094801223,0.11314984709480122,0.0672782874617737,63.0,69.0,0
80,2011-frenchopen-1312,1.0,10.0,16.0,37.0,1.0,2.0,13.0,20.0,0.07432432432432433,0.16216216216216217,0.0,0.033783783783783786,0.24324324324324326,0.34459459459459457,0.1891891891891892,0.2905405405405405,0.22972972972972974,0.1554054054054054,0.08783783783783784,0.0945945945945946,37.0,24.0,1
81,2011-frenchopen-1313,11.0,3.0,42.0,24.0,7.0,5.0,42.0,46.0,0.07547169811320754,0.08018867924528301,0.03773584905660377,0.018867924528301886,0.28773584905660377,0.32547169811320753,0.2169811320754717,0.1792452830188679,0.16037735849056603,0.1650943396226415,0.09433962264150944,0.09433962264150944,28.0,29.0,0
82,2011-frenchopen-1314,5.0,2.0,30.0,27.0,3.0,6.0,25.0,36.0,0.08379888268156424,0.07262569832402235,0.0335195530726257,0.0111731843575419,0.2849162011173184,0.25139664804469275,0.18994413407821228,0.13966480446927373,0.25139664804469275,0.1564245810055866,0.16759776536312848,0.07262569832402235,21.0,39.0,0
83,2011-frenchopen-1315,10.0,3.0,34.0,35.0,1.0,3.0,29.0,41.0,0.11818181818181818,0.05909090909090909,0.02727272727272727,0.013636363636363636,0.3181818181818182,0.3,0.22727272727272727,0.18636363636363637,0.16363636363636364,0.19545454545454546,0.09545454545454546,0.09090909090909091,33.0,47.0,0
84,2011-frenchopen-1316,5.0,6.0,22.0,41.0,3.0,2.0,46.0,38.0,0.0380952380952381,0.05714285714285714,0.009523809523809525,0.023809523809523808,0.3142857142857143,0.2714285714285714,0.20476190476190476,0.20952380952380953,0.20952380952380953,0.1761904761904762,0.1,0.11904761904761904,31.0,31.0,1
85,2011-frenchopen-1401,2.0,9.0,23.0,24.0,1.0,2.0,24.0,48.0,0.04945054945054945,0.07142857142857142,0.03296703296703297,0.01098901098901099,0.2692307692307692,0.3076923076923077,0.21978021978021978,0.21978021978021978,0.12087912087912088,0.2802197802197802,0.08241758241758242,0.0989010989010989,27.0,35.0,0
86,2011-frenchopen-1402,6.0,4.0,18.0,35.0,4.0,5.0,24.0,42.0,0.010526315789473684,0.07368421052631578,0.005263157894736842,0.02631578947368421,0.2789473684210526,0.28421052631578947,0.18947368421052632,0.21578947368421053,0.1736842105263158,0.21052631578947367,0.09473684210526316,0.13157894736842105,43.0,27.0,1
87,2011-frenchopen-1403,12.0,4.0,64.0,42.0,1.0,3.0,63.0,48.0,0.08307692307692308,0.12615384615384614,0.027692307692307693,0.021538461538461538,0.26153846153846155,0.3415384615384615,0.2,0.20615384615384616,0.19692307692307692,0.18461538461538463,0.08307692307692308,0.08615384615384615,48.0,59.0,0
88,2011-frenchopen-1404,7.0,2.0,65.0,38.0,1.0,4.0,61.0,59.0,0.06687898089171974,0.03503184713375796,0.028662420382165606,0.03184713375796178,0.28343949044585987,0.3184713375796178,0.14968152866242038,0.2070063694267516,0.19745222929936307,0.18152866242038215,0.10509554140127389,0.07643312101910828,62.0,28.0,1
89,2011-frenchopen-1405,5.0,11.0,52.0,57.0,5.0,5.0,56.0,59.0,0.10303030303030303,0.03333333333333333,0.024242424242424242,0.021212121212121213,0.3242424242424242,0.2606060606060606,0.22424242424242424,0.18787878787878787,0.21212121212121213,0.1696969696969697,0.09696969696969697,0.08181818181818182,52.0,53.0,1
90,2011-frenchopen-1406,5.0,8.0,19.0,32.0,1.0,2.0,22.0,25.0,0.06832298136645963,0.08695652173913043,0.006211180124223602,0.031055900621118012,0.36645962732919257,0.30434782608695654,0.2360248447204969,0.2484472049689441,0.14285714285714285,0.16149068322981366,0.06832298136645963,0.11180124223602485,38.0,24.0,1
91,2011-frenchopen-1407,7.0,7.0,68.0,37.0,9.0,7.0,103.0,62.0,0.10052910052910052,0.05555555555555555,0.015873015873015872,0.013227513227513227,0.2962962962962963,0.23809523809523808,0.20899470899470898,0.16666666666666666,0.21164021164021163,0.20899470899470898,0.12698412698412698,0.1349206349206349,48.0,59.0,0
92,2011-frenchopen-1408,6.0,8.0,16.0,34.0,2.0,0.0,26.0,15.0,0.050955414012738856,0.06369426751592357,0.0,0.025477707006369428,0.3375796178343949,0.31210191082802546,0.2229299363057325,0.2802547770700637,0.19745222929936307,0.1337579617834395,0.09554140127388536,0.08917197452229299,34.0,31.0,1
93,2011-frenchopen-1501,4.0,5.0,24.0,32.0,0.0,3.0,13.0,41.0,0.02702702702702703,0.07027027027027027,0.032432432432432434,0.010810810810810811,0.372972972972973,0.2918918918918919,0.23783783783783785,0.2,0.11351351351351352,0.2,0.08108108108108109,0.07567567567567568,37.0,37.0,0
94,2011-frenchopen-1502,9.0,2.0,59.0,27.0,4.0,5.0,44.0,35.0,0.11965811965811966,0.07264957264957266,0.03418803418803419,0.021367521367521368,0.2606837606837607,0.31196581196581197,0.1752136752136752,0.17094017094017094,0.2264957264957265,0.1581196581196581,0.12393162393162394,0.06837606837606838,33.0,35.0,0
95,2011-frenchopen-1503,4.0,4.0,24.0,41.0,11.0,3.0,53.0,42.0,0.06756756756756757,0.08558558558558559,0.013513513513513514,0.02252252252252252,0.3918918918918919,0.21171171171171171,0.24324324324324326,0.16216216216216217,0.15765765765765766,0.17117117117117117,0.08558558558558559,0.11261261261261261,27.0,34.0,1
96,2011-frenchopen-1601,2.0,5.0,34.0,30.0,3.0,4.0,31.0,40.0,0.08035714285714286,0.07142857142857142,0.026785714285714284,0.013392857142857142,0.38839285714285715,0.29910714285714285,0.26785714285714285,0.19642857142857142,0.12946428571428573,0.14732142857142858,0.0625,0.05803571428571429,41.0,47.0,0
97,2011-frenchopen-1602,18.0,7.0,48.0,40.0,2.0,2.0,46.0,41.0,0.04838709677419355,0.03870967741935484,0.012903225806451613,0.012903225806451613,0.29354838709677417,0.36129032258064514,0.22580645161290322,0.2161290322580645,0.15483870967741936,0.17419354838709677,0.08064516129032258,0.10967741935483871,61.0,73.0,0
98,2011-frenchopen-1701,4.0,11.0,39.0,53.0,3.0,1.0,27.0,56.0,0.0364963503649635,0.10948905109489052,0.025547445255474453,0.01824817518248175,0.38686131386861317,0.291970802919708,0.2518248175182482,0.20072992700729927,0.1386861313868613,0.16423357664233576,0.07664233576642336,0.06569343065693431,50.0,48.0,0
99,2011-usopen-1101,3.0,1.0,14.0,3.0,1.0,2.0,7.0,18.0,0.06557377049180328,0.03278688524590164,0.08196721311475409,0.0,0.3770491803278688,0.2459016393442623,0.32786885245901637,0.09836065573770492,0.09836065573770492,0.21311475409836064,0.06557377049180328,0.03278688524590164,4.0,14.0,0
100,2011-usopen-1108,3.0,7.0,23.0,30.0,5.0,1.0,30.0,21.0,0.09316770186335403,0.11180124223602485,0.006211180124223602,0.037267080745341616,0.3167701863354037,0.3167701863354037,0.18012422360248448,0.2422360248447205,0.15527950310559005,0.16770186335403728,0.08695652173913043,0.09937888198757763,33.0,23.0,1
101,2011-usopen-1109,7.0,0.0,34.0,10.0,5.0,3.0,33.0,38.0,0.10429447852760736,0.03680981595092025,0.03067484662576687,0.006134969325153374,0.294478527607362,0.22085889570552147,0.25153374233128833,0.12883435582822086,0.17177914110429449,0.25766871165644173,0.12269938650306748,0.1411042944785276,21.0,26.0,0
102,2011-usopen-1116,3.0,2.0,25.0,29.0,5.0,4.0,45.0,40.0,0.1222707423580786,0.1091703056768559,0.013100436681222707,0.021834061135371178,0.28820960698689957,0.2794759825327511,0.18340611353711792,0.19213973799126638,0.20087336244541484,0.18777292576419213,0.10043668122270742,0.11353711790393013,48.0,41.0,1
103,2011-usopen-1117,6.0,2.0,36.0,21.0,3.0,2.0,35.0,29.0,0.125,0.016304347826086956,0.03804347826086957,0.016304347826086956,0.28804347826086957,0.27717391304347827,0.20652173913043478,0.16847826086956522,0.15760869565217392,0.24456521739130435,0.07608695652173914,0.08695652173913043,24.0,38.0,0
104,2011-usopen-1120,1.0,1.0,11.0,39.0,7.0,4.0,37.0,41.0,0.046875,0.16145833333333334,0.020833333333333332,0.036458333333333336,0.21354166666666666,0.22395833333333334,0.109375,0.15104166666666666,0.25,0.25,0.15104166666666666,0.171875,32.0,31.0,1
105,2011-usopen-1123,18.0,5.0,40.0,31.0,9.0,2.0,47.0,44.0,0.09795918367346938,0.04081632653061224,0.024489795918367346,0.00816326530612245,0.32653061224489793,0.3183673469387755,0.24081632653061225,0.22040816326530613,0.1469387755102041,0.15918367346938775,0.10204081632653061,0.04897959183673469,29.0,53.0,0
106,2011-usopen-1124,3.0,13.0,40.0,44.0,3.0,5.0,47.0,64.0,0.10876132930513595,0.045317220543806644,0.01812688821752266,0.015105740181268883,0.24471299093655588,0.3293051359516616,0.1782477341389728,0.25075528700906347,0.22356495468277945,0.17522658610271905,0.13293051359516617,0.06646525679758308,69.0,66.0,0
107,2011-usopen-1125,7.0,6.0,39.0,17.0,5.0,3.0,29.0,19.0,0.07647058823529412,0.07058823529411765,0.023529411764705882,0.0058823529411764705,0.3058823529411765,0.25882352941176473,0.23529411764705882,0.18235294117647058,0.18823529411764706,0.19411764705882353,0.13529411764705881,0.11764705882352941,31.0,34.0,0
108,2011-usopen-1128,2.0,7.0,25.0,49.0,6.0,1.0,43.0,42.0,0.09956709956709957,0.06060606060606061,0.012987012987012988,0.025974025974025976,0.2813852813852814,0.3203463203463203,0.19480519480519481,0.2554112554112554,0.20346320346320346,0.16017316017316016,0.09956709956709957,0.06926406926406926,33.0,38.0,1
109,2011-usopen-1132,0.0,4.0,10.0,28.0,7.0,4.0,39.0,30.0,0.06711409395973154,0.14093959731543623,0.006711409395973154,0.04697986577181208,0.2751677852348993,0.28859060402684567,0.14093959731543623,0.2483221476510067,0.18120805369127516,0.174496644295302,0.10067114093959731,0.10067114093959731,24.0,16.0,1
110,2011-usopen-1133,1.0,6.0,13.0,29.0,1.0,1.0,27.0,41.0,0.07017543859649122,0.05263157894736842,0.023391812865497075,0.005847953216374269,0.25146198830409355,0.32748538011695905,0.19298245614035087,0.21052631578947367,0.23976608187134502,0.16374269005847952,0.14035087719298245,0.0935672514619883,24.0,36.0,0
111,2011-usopen-1134,8.0,23.0,46.0,67.0,8.0,7.0,33.0,79.0,0.038922155688622756,0.11676646706586827,0.011976047904191617,0.011976047904191617,0.31736526946107785,0.3323353293413174,0.23053892215568864,0.23952095808383234,0.12874251497005987,0.17365269461077845,0.09580838323353294,0.08982035928143713,58.0,50.0,0
112,2011-usopen-1135,8.0,10.0,29.0,45.0,3.0,5.0,33.0,52.0,0.046875,0.0703125,0.0234375,0.0078125,0.328125,0.28125,0.19921875,0.1875,0.2109375,0.14453125,0.14453125,0.06640625,40.0,56.0,0
113,2011-usopen-1136,11.0,14.0,43.0,56.0,5.0,3.0,24.0,62.0,0.05054151624548736,0.13357400722021662,0.007220216606498195,0.0036101083032490976,0.23104693140794225,0.3574007220216607,0.19494584837545126,0.27075812274368233,0.2490974729241877,0.1299638989169675,0.1552346570397112,0.08303249097472924,59.0,32.0,1
114,2011-usopen-1137,18.0,0.0,38.0,9.0,3.0,5.0,24.0,29.0,0.08208955223880597,0.014925373134328358,0.05223880597014925,0.0,0.2835820895522388,0.2835820895522388,0.2537313432835821,0.17164179104477612,0.11194029850746269,0.2537313432835821,0.08208955223880597,0.1044776119402985,15.0,18.0,0
115,2011-usopen-1140,1.0,9.0,58.0,41.0,5.0,8.0,75.0,48.0,0.13271604938271606,0.08333333333333333,0.006172839506172839,0.009259259259259259,0.32407407407407407,0.25308641975308643,0.21604938271604937,0.19753086419753085,0.17901234567901234,0.2006172839506173,0.11419753086419752,0.1111111111111111,45.0,56.0,1
116,2011-usopen-1142,0.0,7.0,20.0,29.0,1.0,6.0,19.0,56.0,0.07575757575757576,0.06565656565656566,0.030303030303030304,0.010101010101010102,0.25252525252525254,0.3383838383838384,0.18686868686868688,0.18686868686868688,0.12626262626262627,0.24242424242424243,0.09090909090909091,0.13131313131313133,36.0,37.0,0
117,2011-usopen-1144,0.0,0.0,7.0,1.0,1.0,2.0,13.0,3.0,0.125,0.0,0.0,0.03125,0.21875,0.40625,0.09375,0.25,0.09375,0.15625,0.0625,0.125,4.0,3.0,1
118,2011-usopen-1145,18.0,3.0,37.0,21.0,3.0,6.0,32.0,38.0,0.07142857142857142,0.07142857142857142,0.02197802197802198,0.0,0.27472527472527475,0.2802197802197802,0.22527472527472528,0.1813186813186813,0.18681318681318682,0.2032967032967033,0.12087912087912088,0.11538461538461539,25.0,28.0,0
119,2011-usopen-1148,1.0,8.0,22.0,41.0,4.0,3.0,41.0,44.0,0.1024390243902439,0.08780487804878048,0.014634146341463415,0.03414634146341464,0.3853658536585366,0.2634146341463415,0.2146341463414634,0.2048780487804878,0.15609756097560976,0.15609756097560976,0.07317073170731707,0.08292682926829269,33.0,23.0,1
120,2011-usopen-1149,4.0,3.0,20.0,23.0,6.0,3.0,38.0,53.0,0.07881773399014778,0.059113300492610835,0.024630541871921183,0.009852216748768473,0.2857142857142857,0.27586206896551724,0.22167487684729065,0.18719211822660098,0.1921182266009852,0.19704433497536947,0.11822660098522167,0.09852216748768473,31.0,37.0,0
121,2011-usopen-1150,11.0,7.0,35.0,25.0,8.0,6.0,47.0,45.0,0.07111111111111111,0.06666666666666667,0.03111111111111111,0.017777777777777778,0.28888888888888886,0.2311111111111111,0.2311111111111111,0.15555555555555556,0.16,0.25333333333333335,0.08888888888888889,0.12444444444444444,28.0,44.0,0
122,2011-usopen-1152,1.0,3.0,8.0,19.0,6.0,1.0,35.0,17.0,0.04032258064516129,0.11290322580645161,0.0,0.06451612903225806,0.25,0.25806451612903225,0.12903225806451613,0.23387096774193547,0.25806451612903225,0.1693548387096774,0.10483870967741936,0.10483870967741936,28.0,16.0,1
123,2011-usopen-1153,13.0,0.0,42.0,36.0,4.0,8.0,22.0,40.0,0.08189655172413793,0.09051724137931035,0.02586206896551724,0.01293103448275862,0.34051724137931033,0.29310344827586204,0.23706896551724138,0.1810344827586207,0.15086206896551724,0.15948275862068967,0.09913793103448276,0.10344827586206896,48.0,43.0,0
124,2011-usopen-1154,14.0,8.0,30.0,50.0,6.0,8.0,29.0,44.0,0.0867579908675799,0.1004566210045662,0.0182648401826484,0.0136986301369863,0.2831050228310502,0.2465753424657534,0.2191780821917808,0.2009132420091324,0.1780821917808219,0.2237442922374429,0.1050228310502283,0.1232876712328767,28.0,37.0,0
125,2011-usopen-1156,5.0,12.0,24.0,38.0,3.0,2.0,24.0,41.0,0.09836065573770492,0.04918032786885246,0.03278688524590164,0.00546448087431694,0.33879781420765026,0.2185792349726776,0.24043715846994534,0.15300546448087432,0.1912568306010929,0.2185792349726776,0.10382513661202186,0.09836065573770492,21.0,34.0,0
126,2011-usopen-1157,4.0,14.0,31.0,41.0,3.0,5.0,32.0,35.0,0.11827956989247312,0.07526881720430108,0.0,0.021505376344086023,0.24193548387096775,0.3333333333333333,0.17204301075268819,0.25806451612903225,0.20430107526881722,0.17204301075268819,0.0967741935483871,0.0967741935483871,29.0,17.0,1
127,2011-usopen-1162,12.0,10.0,31.0,49.0,9.0,8.0,47.0,43.0,0.041353383458646614,0.09022556390977443,0.0037593984962406013,0.015037593984962405,0.2819548872180451,0.24436090225563908,0.19172932330827067,0.18045112781954886,0.19172932330827067,0.21428571428571427,0.11278195488721804,0.14661654135338345,45.0,50.0,1
128,2011-usopen-1164,7.0,6.0,41.0,18.0,7.0,4.0,59.0,16.0,0.12903225806451613,0.041474654377880185,0.027649769585253458,0.03686635944700461,0.2903225806451613,0.28110599078341014,0.16129032258064516,0.18433179723502305,0.23963133640552994,0.1336405529953917,0.11059907834101383,0.07373271889400922,42.0,40.0,1
129,2011-usopen-1201,5.0,2.0,31.0,11.0,0.0,6.0,15.0,26.0,0.1693548387096774,0.04838709677419355,0.08064516129032258,0.016129032258064516,0.29838709677419356,0.3629032258064516,0.20161290322580644,0.13709677419354838,0.1532258064516129,0.12903225806451613,0.0967741935483871,0.04032258064516129,15.0,25.0,0
130,2011-usopen-1204,29.0,8.0,61.0,44.0,1.0,4.0,34.0,18.0,0.11637931034482758,0.09051724137931035,0.017241379310344827,0.01293103448275862,0.3620689655172414,0.2672413793103448,0.2801724137931034,0.21120689655172414,0.14224137931034483,0.2025862068965517,0.06465517241379311,0.11206896551724138,35.0,39.0,0
131,2011-usopen-1205,10.0,5.0,32.0,16.0,0.0,5.0,24.0,35.0,0.15333333333333332,0.07333333333333333,0.04666666666666667,0.0,0.24666666666666667,0.2866666666666667,0.22666666666666666,0.15333333333333332,0.22666666666666666,0.2,0.12,0.10666666666666667,18.0,24.0,0
132,2011-usopen-1206,10.0,13.0,38.0,32.0,5.0,5.0,37.0,19.0,0.11170212765957446,0.06914893617021277,0.005319148936170213,0.026595744680851064,0.22872340425531915,0.31382978723404253,0.18617021276595744,0.22872340425531915,0.2127659574468085,0.18617021276595744,0.11702127659574468,0.14361702127659576,32.0,29.0,1
133,2011-usopen-1208,2.0,21.0,34.0,81.0,8.0,10.0,52.0,81.0,0.051351351351351354,0.07297297297297298,0.013513513513513514,0.010810810810810811,0.2702702702702703,0.2756756756756757,0.1810810810810811,0.1972972972972973,0.1972972972972973,0.20540540540540542,0.13243243243243244,0.12432432432432433,51.0,70.0,0
134,2011-usopen-1209,6.0,0.0,31.0,10.0,1.0,1.0,26.0,22.0,0.10606060606060606,0.09090909090909091,0.03787878787878788,0.0,0.32575757575757575,0.32575757575757575,0.2878787878787879,0.1893939393939394,0.12121212121212122,0.20454545454545456,0.10606060606060606,0.11363636363636363,12.0,30.0,0
135,2011-usopen-1210,5.0,8.0,9.0,34.0,4.0,1.0,34.0,16.0,0.0,0.1076923076923077,0.0,0.06153846153846154,0.3230769230769231,0.2230769230769231,0.16923076923076924,0.16153846153846155,0.2230769230769231,0.18461538461538463,0.06923076923076923,0.16153846153846155,18.0,18.0,1
136,2011-usopen-1211,3.0,0.0,21.0,17.0,4.0,1.0,37.0,7.0,0.17293233082706766,0.06015037593984962,0.007518796992481203,0.045112781954887216,0.3308270676691729,0.3007518796992481,0.20300751879699247,0.20300751879699247,0.22556390977443608,0.09774436090225563,0.08270676691729323,0.06766917293233082,22.0,28.0,1
137,2011-usopen-1212,5.0,8.0,32.0,31.0,6.0,3.0,40.0,46.0,0.10576923076923077,0.07211538461538461,0.028846153846153848,0.009615384615384616,0.2644230769230769,0.2644230769230769,0.20673076923076922,0.16826923076923078,0.16826923076923078,0.2548076923076923,0.10576923076923077,0.12980769230769232,22.0,36.0,0
138,2011-usopen-1213,5.0,4.0,27.0,18.0,4.0,1.0,26.0,33.0,0.0963855421686747,0.08433734939759036,0.030120481927710843,0.006024096385542169,0.2891566265060241,0.25903614457831325,0.2289156626506024,0.1927710843373494,0.2289156626506024,0.18674698795180722,0.13855421686746988,0.07228915662650602,29.0,32.0,0
139,2011-usopen-1214,3.0,10.0,14.0,34.0,3.0,3.0,31.0,19.0,0.059602649006622516,0.013245033112582781,0.006622516556291391,0.039735099337748346,0.3576158940397351,0.25165562913907286,0.2251655629139073,0.2185430463576159,0.1986754966887417,0.1456953642384106,0.08609271523178808,0.11258278145695365,25.0,27.0,1
140,2011-usopen-1216,4.0,7.0,23.0,22.0,7.0,3.0,25.0,26.0,0.07222222222222222,0.1,0.0,0.027777777777777776,0.2777777777777778,0.24444444444444444,0.16666666666666666,0.18333333333333332,0.2111111111111111,0.20555555555555555,0.11666666666666667,0.14444444444444443,56.0,27.0,1
141,2011-usopen-1217,3.0,0.0,23.0,23.0,1.0,3.0,40.0,28.0,0.05741626794258373,0.0861244019138756,0.009569377990430622,0.023923444976076555,0.22009569377990432,0.39712918660287083,0.13875598086124402,0.2727272727272727,0.2583732057416268,0.10047846889952153,0.1339712918660287,0.05263157894736842,49.0,45.0,1
142,2011-usopen-1218,4.0,20.0,26.0,45.0,4.0,0.0,16.0,21.0,0.043209876543209874,0.09259259259259259,0.0,0.018518518518518517,0.25925925925925924,0.36419753086419754,0.17901234567901234,0.30864197530864196,0.18518518518518517,0.16049382716049382,0.12962962962962962,0.09876543209876543,31.0,22.0,1
143,2011-usopen-1219,9.0,0.0,36.0,12.0,2.0,1.0,35.0,30.0,0.06936416184971098,0.04046242774566474,0.04046242774566474,0.011560693641618497,0.31213872832369943,0.42196531791907516,0.2254335260115607,0.18497109826589594,0.13872832369942195,0.10404624277456648,0.09248554913294797,0.06936416184971098,22.0,37.0,0
144,2011-usopen-1220,1.0,11.0,33.0,46.0,9.0,3.0,55.0,50.0,0.043010752688172046,0.08602150537634409,0.010752688172043012,0.025089605734767026,0.2903225806451613,0.2724014336917563,0.18996415770609318,0.2078853046594982,0.1935483870967742,0.1971326164874552,0.10752688172043011,0.10752688172043011,48.0,46.0,1
145,2011-usopen-1221,8.0,0.0,63.0,43.0,7.0,9.0,72.0,68.0,0.056818181818181816,0.10511363636363637,0.028409090909090908,0.022727272727272728,0.30113636363636365,0.2869318181818182,0.19886363636363635,0.17897727272727273,0.19318181818181818,0.17045454545454544,0.09090909090909091,0.09659090909090909,61.0,44.0,1
146,2011-usopen-1224,5.0,21.0,53.0,55.0,7.0,8.0,58.0,46.0,0.1054421768707483,0.08163265306122448,0.02040816326530612,0.034013605442176874,0.29591836734693877,0.272108843537415,0.1836734693877551,0.2108843537414966,0.1836734693877551,0.19387755102040816,0.08503401360544217,0.08843537414965986,44.0,37.0,1
147,2011-usopen-1225,0.0,1.0,17.0,33.0,1.0,5.0,19.0,51.0,0.07734806629834254,0.15469613259668508,0.027624309392265192,0.011049723756906077,0.3314917127071823,0.281767955801105,0.2265193370165746,0.20441988950276244,0.16574585635359115,0.18232044198895028,0.10497237569060773,0.08839779005524862,32.0,28.0,0
148,2011-usopen-1226,3.0,6.0,18.0,36.0,5.0,5.0,34.0,27.0,0.06432748538011696,0.14619883040935672,0.011695906432748537,0.04093567251461988,0.21637426900584794,0.24561403508771928,0.15204678362573099,0.19883040935672514,0.2631578947368421,0.21052631578947367,0.10526315789473684,0.13450292397660818,30.0,25.0,1
149,2011-usopen-1227,11.0,9.0,27.0,42.0,1.0,2.0,13.0,38.0,0.07926829268292683,0.1524390243902439,0.03048780487804878,0.006097560975609756,0.36585365853658536,0.2804878048780488,0.2682926829268293,0.18902439024390244,0.1402439024390244,0.18902439024390244,0.0975609756097561,0.07926829268292683,13.0,30.0,0
150,2011-usopen-1228,7.0,3.0,37.0,35.0,2.0,8.0,39.0,34.0,0.08762886597938144,0.17010309278350516,0.015463917525773196,0.030927835051546393,0.27319587628865977,0.31443298969072164,0.18556701030927836,0.22164948453608246,0.20103092783505155,0.15463917525773196,0.09278350515463918,0.08762886597938144,26.0,22.0,1
151,2011-usopen-1231,15.0,5.0,36.0,32.0,8.0,6.0,45.0,36.0,0.09090909090909091,0.10526315789473684,0.019138755980861243,0.028708133971291867,0.24401913875598086,0.2631578947368421,0.20095693779904306,0.17703349282296652,0.2679425837320574,0.15311004784688995,0.10526315789473684,0.11004784688995216,34.0,25.0,1
152,2011-usopen-1232,3.0,3.0,18.0,24.0,6.0,1.0,30.0,5.0,0.1826086956521739,0.06086956521739131,0.0,0.034782608695652174,0.30434782608695654,0.2956521739130435,0.1826086956521739,0.24347826086956523,0.20869565217391303,0.12173913043478261,0.09565217391304348,0.06956521739130435,15.0,22.0,1
153,2011-usopen-1301,4.0,1.0,17.0,18.0,0.0,2.0,22.0,32.0,0.024691358024691357,0.037037037037037035,0.030864197530864196,0.006172839506172839,0.2962962962962963,0.36419753086419754,0.2222222222222222,0.2037037037037037,0.19753086419753085,0.12345679012345678,0.12962962962962962,0.06172839506172839,26.0,46.0,0
154,2011-usopen-1302,22.0,22.0,59.0,45.0,1.0,4.0,26.0,42.0,0.07083333333333333,0.13333333333333333,0.025,0.008333333333333333,0.24166666666666667,0.3375,0.2,0.25833333333333336,0.2125,0.18333333333333332,0.125,0.07916666666666666,42.0,25.0,0
155,2011-usopen-1303,1.0,4.0,9.0,17.0,3.0,1.0,22.0,12.0,0.08791208791208792,0.08791208791208792,0.0,0.04395604395604396,0.24175824175824176,0.27472527472527475,0.14285714285714285,0.18681318681318682,0.21978021978021978,0.2087912087912088,0.0989010989010989,0.14285714285714285,14.0,16.0,1
156,2011-usopen-1304,1.0,3.0,11.0,16.0,1.0,1.0,17.0,9.0,0.09876543209876543,0.024691358024691357,0.0,0.037037037037037035,0.30864197530864196,0.38271604938271603,0.18518518518518517,0.30864197530864196,0.16049382716049382,0.1111111111111111,0.07407407407407407,0.06172839506172839,15.0,12.0,1
157,2011-usopen-1305,6.0,12.0,31.0,40.0,3.0,5.0,24.0,44.0,0.10087719298245613,0.06140350877192982,0.021929824561403508,0.008771929824561403,0.27631578947368424,0.2543859649122807,0.20614035087719298,0.17543859649122806,0.18421052631578946,0.24561403508771928,0.12280701754385964,0.13596491228070176,40.0,48.0,0
158,2011-usopen-1306,6.0,7.0,34.0,38.0,4.0,6.0,31.0,71.0,0.06792452830188679,0.09433962264150944,0.026415094339622643,0.007547169811320755,0.3169811320754717,0.3018867924528302,0.23018867924528302,0.21509433962264152,0.13962264150943396,0.2,0.09056603773584905,0.0830188679245283,50.0,40.0,0
159,2011-usopen-1307,12.0,4.0,33.0,19.0,2.0,3.0,31.0,22.0,0.08092485549132948,0.04046242774566474,0.028901734104046242,0.011560693641618497,0.31213872832369943,0.37572254335260113,0.2543352601156069,0.2543352601156069,0.2023121387283237,0.07514450867052024,0.10982658959537572,0.023121387283236993,26.0,41.0,0
160,2011-usopen-1308,7.0,12.0,33.0,41.0,4.0,2.0,51.0,36.0,0.08032128514056225,0.040160642570281124,0.008032128514056224,0.012048192771084338,0.3092369477911647,0.27710843373493976,0.18473895582329317,0.19678714859437751,0.1606425702811245,0.2248995983935743,0.10843373493975904,0.13654618473895583,39.0,48.0,1
161,2011-usopen-1309,3.0,17.0,30.0,48.0,6.0,3.0,23.0,34.0,0.06481481481481481,0.125,0.0,0.009259259259259259,0.35185185185185186,0.3333333333333333,0.25925925925925924,0.2824074074074074,0.14814814814814814,0.12037037037037036,0.09259259259259259,0.0787037037037037,45.0,35.0,1
162,2011-usopen-1310,3.0,13.0,36.0,47.0,6.0,3.0,72.0,43.0,0.06907894736842106,0.08223684210526316,0.006578947368421052,0.009868421052631578,0.29276315789473684,0.28618421052631576,0.21052631578947367,0.22039473684210525,0.1875,0.20065789473684212,0.10526315789473684,0.1118421052631579,38.0,67.0,1
163,2011-usopen-1311,4.0,1.0,46.0,19.0,3.0,1.0,36.0,41.0,0.13705583756345177,0.050761421319796954,0.025380710659898477,0.01015228426395939,0.3197969543147208,0.3248730964467005,0.23857868020304568,0.19289340101522842,0.116751269035533,0.2131979695431472,0.08121827411167512,0.1116751269035533,31.0,23.0,0
164,2011-usopen-1312,5.0,3.0,17.0,25.0,9.0,0.0,44.0,16.0,0.09615384615384616,0.057692307692307696,0.0,0.03205128205128205,0.23717948717948717,0.358974358974359,0.15384615384615385,0.2692307692307692,0.22435897435897437,0.11538461538461539,0.11538461538461539,0.08974358974358974,26.0,27.0,1
165,2011-usopen-1313,5.0,6.0,36.0,30.0,4.0,3.0,16.0,31.0,0.06470588235294118,0.12941176470588237,0.029411764705882353,0.0058823529411764705,0.31176470588235294,0.25882352941176473,0.2411764705882353,0.18235294117647058,0.21176470588235294,0.17058823529411765,0.13529411764705881,0.07647058823529412,27.0,29.0,0
166,2011-usopen-1314,21.0,17.0,45.0,47.0,0.0,4.0,16.0,36.0,0.10582010582010581,0.08994708994708994,0.015873015873015872,0.0,0.31216931216931215,0.31746031746031744,0.25396825396825395,0.2328042328042328,0.1693121693121693,0.1746031746031746,0.1164021164021164,0.09523809523809523,20.0,24.0,0
167,2011-usopen-1315,23.0,1.0,56.0,17.0,4.0,4.0,38.0,17.0,0.10714285714285714,0.07142857142857142,0.023809523809523808,0.0,0.26785714285714285,0.2261904761904762,0.23214285714285715,0.16666666666666666,0.22023809523809523,0.23214285714285715,0.14285714285714285,0.11904761904761904,16.0,23.0,0
168,2011-usopen-1316,6.0,2.0,36.0,22.0,7.0,4.0,60.0,18.0,0.14432989690721648,0.03608247422680412,0.015463917525773196,0.03608247422680412,0.24742268041237114,0.4020618556701031,0.15463917525773196,0.27835051546391754,0.18556701030927836,0.10309278350515463,0.08762886597938144,0.05670103092783505,27.0,30.0,1
169,2011-usopen-1401,2.0,5.0,13.0,25.0,3.0,5.0,25.0,44.0,0.075,0.085,0.025,0.01,0.345,0.195,0.26,0.155,0.165,0.25,0.095,0.115,38.0,54.0,0
170,2011-usopen-1402,20.0,8.0,54.0,34.0,3.0,8.0,38.0,39.0,0.07829181494661921,0.021352313167259787,0.014234875444839857,0.0,0.2846975088967972,0.30604982206405695,0.21708185053380782,0.22419928825622776,0.1601423487544484,0.20640569395017794,0.12455516014234876,0.11743772241992882,56.0,59.0,0
171,2011-usopen-1403,14.0,2.0,42.0,4.0,1.0,2.0,21.0,23.0,0.1484375,0.046875,0.0546875,0.0,0.3046875,0.3515625,0.2578125,0.140625,0.1484375,0.1640625,0.1015625,0.0859375,17.0,20.0,0
172,2011-usopen-1404,12.0,3.0,51.0,43.0,3.0,4.0,59.0,55.0,0.0891089108910891,0.1782178217821782,0.013201320132013201,0.006600660066006601,0.3102310231023102,0.2739273927392739,0.23102310231023102,0.19801980198019803,0.22112211221122113,0.16831683168316833,0.1353135313531353,0.10891089108910891,44.0,50.0,0
173,2011-usopen-1406,2.0,5.0,19.0,15.0,5.0,3.0,53.0,17.0,0.19607843137254902,0.05228758169934641,0.0196078431372549,0.05228758169934641,0.3006535947712418,0.22875816993464052,0.1437908496732026,0.1568627450980392,0.17647058823529413,0.23529411764705882,0.0784313725490196,0.1437908496732026,22.0,26.0,1
174,2011-usopen-1407,12.0,19.0,49.0,41.0,4.0,2.0,34.0,27.0,0.05045871559633028,0.09174311926605505,0.009174311926605505,0.01834862385321101,0.2798165137614679,0.3440366972477064,0.1926605504587156,0.24770642201834864,0.1834862385321101,0.16055045871559634,0.11467889908256881,0.11467889908256881,42.0,24.0,1
175,2011-usopen-1408,11.0,5.0,34.0,33.0,1.0,4.0,43.0,11.0,0.18562874251497005,0.05389221556886228,0.011976047904191617,0.03592814371257485,0.2994011976047904,0.32335329341317365,0.19760479041916168,0.2634730538922156,0.24550898203592814,0.09580838323353294,0.08383233532934131,0.0658682634730539,24.0,21.0,1
176,2011-usopen-1501,8.0,10.0,36.0,40.0,2.0,5.0,41.0,64.0,0.05106382978723404,0.11063829787234042,0.03404255319148936,0.01702127659574468,0.34893617021276596,0.3021276595744681,0.225531914893617,0.19574468085106383,0.17872340425531916,0.13617021276595745,0.09361702127659574,0.03404255319148936,24.0,29.0,0
177,2011-usopen-1502,5.0,5.0,29.0,17.0,2.0,3.0,30.0,34.0,0.11046511627906977,0.06395348837209303,0.03488372093023256,0.011627906976744186,0.36046511627906974,0.2616279069767442,0.27906976744186046,0.18023255813953487,0.12790697674418605,0.21511627906976744,0.05813953488372093,0.09302325581395349,28.0,33.0,0
178,2011-usopen-1503,17.0,14.0,55.0,47.0,5.0,2.0,54.0,20.0,0.1893939393939394,0.05303030303030303,0.003787878787878788,0.007575757575757576,0.3446969696969697,0.32954545454545453,0.2537878787878788,0.25757575757575757,0.14772727272727273,0.14772727272727273,0.08333333333333333,0.09848484848484848,39.0,48.0,1
179,2011-usopen-1504,8.0,6.0,15.0,35.0,3.0,1.0,25.0,13.0,0.08823529411764706,0.022058823529411766,0.0,0.04411764705882353,0.29411764705882354,0.33088235294117646,0.18382352941176472,0.27941176470588236,0.18382352941176472,0.15441176470588236,0.0661764705882353,0.08823529411764706,24.0,23.0,1
180,2011-usopen-1601,8.0,11.0,48.0,49.0,6.0,4.0,35.0,59.0,0.036065573770491806,0.05901639344262295,0.019672131147540985,0.009836065573770493,0.26885245901639343,0.32786885245901637,0.22295081967213115,0.21967213114754097,0.17049180327868851,0.19672131147540983,0.10491803278688525,0.1180327868852459,59.0,54.0,0
181,2011-usopen-1602,8.0,3.0,44.0,31.0,2.0,1.0,55.0,23.0,0.14163090128755365,0.0815450643776824,0.008583690987124463,0.02575107296137339,0.27896995708154504,0.31759656652360513,0.18454935622317598,0.22746781115879827,0.2317596566523605,0.15450643776824036,0.11158798283261803,0.09012875536480687,40.0,39.0,1
182,2011-usopen-1701,7.0,2.0,55.0,32.0,1.0,3.0,51.0,37.0,0.11524163568773234,0.048327137546468404,0.040892193308550186,0.022304832713754646,0.31226765799256506,0.35687732342007433,0.20446096654275092,0.18587360594795538,0.15613382899628253,0.15613382899628253,0.07063197026022305,0.07063197026022305,39.0,54.0,0
183,2011-wimbledon-1105,14.0,1.0,31.0,20.0,1.0,5.0,14.0,19.0,0.11888111888111888,0.11188811188811189,0.04195804195804196,0.006993006993006993,0.32167832167832167,0.34265734265734266,0.2867132867132867,0.20279720279720279,0.13986013986013987,0.14685314685314685,0.06993006993006994,0.06993006993006994,21.0,37.0,0
184,2011-wimbledon-1112,6.0,12.0,38.0,64.0,4.0,8.0,32.0,45.0,0.13428571428571429,0.045714285714285714,0.014285714285714285,0.011428571428571429,0.3171428571428571,0.35714285714285715,0.24857142857142858,0.2714285714285714,0.12571428571428572,0.16285714285714287,0.06571428571428571,0.07714285714285714,75.0,95.0,0
185,2011-wimbledon-1117,13.0,2.0,45.0,24.0,1.0,2.0,14.0,24.0,0.12903225806451613,0.10215053763440861,0.03763440860215054,0.005376344086021506,0.3172043010752688,0.2849462365591398,0.2849462365591398,0.16129032258064516,0.12903225806451613,0.24731182795698925,0.06451612903225806,0.11290322580645161,32.0,46.0,0
186,2011-wimbledon-1120,21.0,9.0,45.0,45.0,2.0,3.0,20.0,32.0,0.05603448275862069,0.10344827586206896,0.017241379310344827,0.01293103448275862,0.2974137931034483,0.2629310344827586,0.2413793103448276,0.1939655172413793,0.21982758620689655,0.1939655172413793,0.1206896551724138,0.1206896551724138,46.0,43.0,0
187,2011-wimbledon-1128,14.0,1.0,29.0,12.0,1.0,0.0,10.0,4.0,0.14736842105263157,0.06315789473684211,0.021052631578947368,0.0,0.28421052631578947,0.3263157894736842,0.2631578947368421,0.21052631578947367,0.15789473684210525,0.21052631578947367,0.09473684210526316,0.10526315789473684,17.0,22.0,0
188,2011-wimbledon-1132,2.0,30.0,40.0,42.0,1.0,1.0,34.0,10.0,0.15920398009950248,0.03482587064676617,0.0,0.014925373134328358,0.3681592039800995,0.32338308457711445,0.22885572139303484,0.2736318407960199,0.17412935323383086,0.11940298507462686,0.09950248756218906,0.05472636815920398,34.0,40.0,0
189,2011-wimbledon-1133,3.0,6.0,19.0,32.0,4.0,7.0,14.0,23.0,0.11170212765957446,0.0797872340425532,0.026595744680851064,0.010638297872340425,0.28191489361702127,0.28191489361702127,0.23404255319148937,0.20212765957446807,0.15425531914893617,0.21808510638297873,0.0851063829787234,0.09042553191489362,35.0,64.0,0
190,2011-wimbledon-1142,8.0,8.0,41.0,32.0,2.0,6.0,10.0,16.0,0.13366336633663367,0.13366336633663367,0.01485148514851485,0.0049504950495049506,0.32673267326732675,0.33663366336633666,0.25742574257425743,0.2376237623762376,0.14356435643564355,0.1485148514851485,0.09900990099009901,0.10396039603960396,52.0,50.0,0
191,2011-wimbledon-1148,4.0,12.0,16.0,53.0,1.0,1.0,13.0,23.0,0.06896551724137931,0.13218390804597702,0.0,0.017241379310344827,0.3505747126436782,0.3275862068965517,0.23563218390804597,0.29310344827586204,0.1781609195402299,0.12643678160919541,0.10344827586206896,0.09770114942528736,36.0,32.0,0
192,2011-wimbledon-1149,8.0,6.0,35.0,40.0,6.0,3.0,44.0,33.0,0.09395973154362416,0.09395973154362416,0.016778523489932886,0.016778523489932886,0.32550335570469796,0.28523489932885904,0.23154362416107382,0.20469798657718122,0.2214765100671141,0.1342281879194631,0.1040268456375839,0.06711409395973154,66.0,79.0,0
193,2011-wimbledon-1150,2.0,5.0,36.0,40.0,6.0,7.0,37.0,28.0,0.054945054945054944,0.09157509157509157,0.007326007326007326,0.02197802197802198,0.2783882783882784,0.32234432234432236,0.18315018315018314,0.23443223443223443,0.18315018315018314,0.16483516483516483,0.10622710622710622,0.10256410256410256,68.0,63.0,0
194,2011-wimbledon-1155,24.0,10.0,64.0,36.0,5.0,6.0,30.0,16.0,0.08695652173913043,0.03985507246376811,0.007246376811594203,0.007246376811594203,0.3804347826086957,0.31521739130434784,0.29347826086956524,0.23550724637681159,0.10144927536231885,0.15942028985507245,0.06159420289855073,0.12681159420289856,74.0,55.0,0
195,2011-wimbledon-1160,6.0,10.0,35.0,32.0,10.0,4.0,26.0,15.0,0.06372549019607843,0.10784313725490197,0.0,0.00980392156862745,0.24509803921568626,0.37745098039215685,0.20098039215686275,0.3137254901960784,0.18627450980392157,0.11764705882352941,0.10294117647058823,0.058823529411764705,54.0,41.0,0
196,2011-wimbledon-1161,17.0,6.0,45.0,47.0,3.0,5.0,31.0,50.0,0.04777070063694268,0.11464968152866242,0.01910828025477707,0.009554140127388535,0.28662420382165604,0.37261146496815284,0.2197452229299363,0.25477707006369427,0.1592356687898089,0.15286624203821655,0.09872611464968153,0.07643312101910828,69.0,71.0,0
197,2011-wimbledon-1164,9.0,9.0,22.0,25.0,2.0,1.0,21.0,6.0,0.072992700729927,0.058394160583941604,0.0,0.043795620437956206,0.32116788321167883,0.3284671532846715,0.21897810218978103,0.2773722627737226,0.2116788321167883,0.10948905109489052,0.058394160583941604,0.08759124087591241,41.0,21.0,0
198,2011-wimbledon-1201,9.0,4.0,38.0,16.0,0.0,10.0,7.0,25.0,0.12222222222222222,0.07222222222222222,0.027777777777777776,0.005555555555555556,0.3,0.3388888888888889,0.23333333333333334,0.2222222222222222,0.12777777777777777,0.17222222222222222,0.08333333333333333,0.08333333333333333,52.0,41.0,0
199,2011-wimbledon-1202,5.0,5.0,8.0,8.0,0.0,0.0,0.0,1.0,0.03333333333333333,0.13333333333333333,0.0,0.03333333333333333,0.43333333333333335,0.36666666666666664,0.3333333333333333,0.2,0.06666666666666667,0.1,0.0,0.1,6.0,6.0,0
200,2011-wimbledon-1203,30.0,1.0,75.0,22.0,3.0,7.0,25.0,19.0,0.09401709401709402,0.10256410256410256,0.02564102564102564,0.0,0.2863247863247863,0.34615384615384615,0.2564102564102564,0.2264957264957265,0.1111111111111111,0.2094017094017094,0.08547008547008547,0.09829059829059829,45.0,47.0,0
201,2011-wimbledon-1205,13.0,13.0,41.0,37.0,2.0,3.0,16.0,24.0,0.12560386473429952,0.07246376811594203,0.014492753623188406,0.004830917874396135,0.2946859903381642,0.3671497584541063,0.24154589371980675,0.27053140096618356,0.178743961352657,0.13043478260869565,0.1111111111111111,0.057971014492753624,42.0,46.0,0
202,2011-wimbledon-1206,12.0,12.0,42.0,48.0,3.0,11.0,13.0,44.0,0.08646616541353383,0.06015037593984962,0.018796992481203006,0.007518796992481203,0.2518796992481203,0.3533834586466165,0.19924812030075187,0.22932330827067668,0.16917293233082706,0.16917293233082706,0.09022556390977443,0.08646616541353383,61.0,56.0,0
203,2011-wimbledon-1208,7.0,10.0,11.0,42.0,4.0,1.0,14.0,9.0,0.07857142857142857,0.11428571428571428,0.007142857142857143,0.04285714285714286,0.37142857142857144,0.2714285714285714,0.22857142857142856,0.24285714285714285,0.12857142857142856,0.18571428571428572,0.02857142857142857,0.11428571428571428,32.0,31.0,1
204,2011-wimbledon-1209,6.0,0.0,23.0,24.0,3.0,5.0,19.0,18.0,0.07017543859649122,0.15204678362573099,0.023391812865497075,0.0,0.2631578947368421,0.28654970760233917,0.2222222222222222,0.19883040935672514,0.21052631578947367,0.1871345029239766,0.14035087719298245,0.11695906432748537,33.0,53.0,0
205,2011-wimbledon-1211,10.0,4.0,42.0,17.0,1.0,1.0,13.0,17.0,0.06451612903225806,0.07096774193548387,0.03870967741935484,0.012903225806451613,0.3096774193548387,0.2838709677419355,0.24516129032258063,0.18064516129032257,0.1870967741935484,0.2,0.10967741935483871,0.08387096774193549,34.0,31.0,0
206,2011-wimbledon-1212,4.0,13.0,42.0,35.0,0.0,2.0,29.0,18.0,0.11013215859030837,0.03524229074889868,0.01762114537444934,0.013215859030837005,0.3788546255506608,0.2555066079295154,0.2555066079295154,0.2026431718061674,0.1894273127753304,0.16299559471365638,0.10572687224669604,0.07929515418502203,47.0,55.0,0
207,2011-wimbledon-1216,8.0,15.0,33.0,39.0,2.0,0.0,11.0,6.0,0.10493827160493827,0.12345679012345678,0.0,0.024691358024691357,0.4012345679012346,0.2654320987654321,0.2654320987654321,0.24691358024691357,0.1728395061728395,0.1419753086419753,0.09259259259259259,0.10493827160493827,44.0,28.0,1
208,2011-wimbledon-1217,7.0,10.0,63.0,50.0,3.0,8.0,26.0,35.0,0.15358361774744028,0.10921501706484642,0.027303754266211604,0.010238907849829351,0.3037542662116041,0.3378839590443686,0.24232081911262798,0.22866894197952217,0.11604095563139932,0.20136518771331058,0.06143344709897611,0.09556313993174062,56.0,62.0,0
209,2011-wimbledon-1220,3.0,19.0,45.0,61.0,5.0,8.0,27.0,35.0,0.11572700296735905,0.12462908011869436,0.005934718100890208,0.011869436201780416,0.35014836795252224,0.3056379821958457,0.2314540059347181,0.22255192878338279,0.1394658753709199,0.1632047477744807,0.07418397626112759,0.09495548961424333,86.0,82.0,1
210,2011-wimbledon-1221,25.0,28.0,63.0,61.0,2.0,2.0,14.0,25.0,0.024734982332155476,0.08833922261484099,0.0035335689045936395,0.0,0.31802120141342755,0.36395759717314485,0.2826855123674912,0.303886925795053,0.1696113074204947,0.13074204946996468,0.10600706713780919,0.06713780918727916,60.0,59.0,0
211,2011-wimbledon-1223,7.0,13.0,46.0,37.0,9.0,7.0,25.0,28.0,0.11788617886178862,0.09349593495934959,0.016260162601626018,0.008130081300813009,0.25203252032520324,0.2926829268292683,0.1910569105691057,0.22357723577235772,0.18292682926829268,0.2032520325203252,0.13008130081300814,0.10569105691056911,56.0,53.0,0
212,2011-wimbledon-1224,0.0,11.0,10.0,38.0,1.0,0.0,9.0,10.0,0.09285714285714286,0.15,0.0,0.03571428571428571,0.3142857142857143,0.29285714285714287,0.17142857142857143,0.25,0.21428571428571427,0.16428571428571428,0.10714285714285714,0.12857142857142856,42.0,30.0,1
213,2011-wimbledon-1225,28.0,15.0,75.0,44.0,5.0,1.0,39.0,21.0,0.059190031152647975,0.059190031152647975,0.012461059190031152,0.006230529595015576,0.3146417445482866,0.26479750778816197,0.2554517133956386,0.19314641744548286,0.14953271028037382,0.24922118380062305,0.07476635514018691,0.1557632398753894,77.0,64.0,0
214,2011-wimbledon-1226,11.0,10.0,50.0,44.0,8.0,1.0,41.0,23.0,0.052083333333333336,0.03125,0.010416666666666666,0.020833333333333332,0.2777777777777778,0.3680555555555556,0.19444444444444445,0.2569444444444444,0.1840277777777778,0.13541666666666666,0.10416666666666667,0.0798611111111111,67.0,62.0,1
215,2011-wimbledon-1228,12.0,9.0,58.0,54.0,9.0,3.0,33.0,28.0,0.04778156996587031,0.11945392491467577,0.017064846416382253,0.017064846416382253,0.3378839590443686,0.2901023890784983,0.22525597269624573,0.19795221843003413,0.15017064846416384,0.17747440273037543,0.07849829351535836,0.10238907849829351,64.0,55.0,1
216,2011-wimbledon-1229,17.0,3.0,41.0,33.0,8.0,3.0,28.0,18.0,0.08823529411764706,0.08333333333333333,0.004901960784313725,0.014705882352941176,0.27450980392156865,0.3088235294117647,0.23039215686274508,0.24019607843137256,0.2107843137254902,0.14705882352941177,0.10294117647058823,0.09313725490196079,46.0,37.0,1
217,2011-wimbledon-1231,14.0,9.0,34.0,34.0,3.0,2.0,24.0,30.0,0.04017857142857143,0.09375,0.022321428571428572,0.013392857142857142,0.2544642857142857,0.3125,0.20535714285714285,0.21428571428571427,0.24107142857142858,0.16517857142857142,0.13839285714285715,0.08928571428571429,47.0,54.0,0
218,2011-wimbledon-1232,8.0,7.0,22.0,31.0,3.0,4.0,18.0,14.0,0.0875,0.09375,0.00625,0.03125,0.3125,0.4,0.1875,0.3,0.11875,0.11875,0.05625,0.075,44.0,30.0,1
219,2011-wimbledon-1301,7.0,17.0,30.0,36.0,1.0,6.0,3.0,22.0,0.042105263157894736,0.14210526315789473,0.015789473684210527,0.0,0.3473684210526316,0.3684210526315789,0.2894736842105263,0.3,0.1368421052631579,0.10526315789473684,0.09473684210526316,0.05789473684210526,49.0,49.0,0
220,2011-wimbledon-1302,12.0,11.0,45.0,40.0,0.0,0.0,19.0,24.0,0.0875,0.07083333333333333,0.008333333333333333,0.004166666666666667,0.3,0.3625,0.24166666666666667,0.25,0.16666666666666666,0.16666666666666666,0.10416666666666667,0.0875,51.0,60.0,0
221,2011-wimbledon-1304,2.0,16.0,12.0,36.0,4.0,1.0,10.0,8.0,0.032467532467532464,0.09740259740259741,0.0,0.032467532467532464,0.38311688311688313,0.23376623376623376,0.24025974025974026,0.2077922077922078,0.13636363636363635,0.2077922077922078,0.06493506493506493,0.14935064935064934,46.0,41.0,1
222,2011-wimbledon-1305,15.0,9.0,51.0,42.0,7.0,4.0,18.0,21.0,0.09465020576131687,0.18518518518518517,0.0205761316872428,0.012345679012345678,0.3004115226337449,0.34156378600823045,0.2345679012345679,0.23868312757201646,0.1646090534979424,0.1440329218106996,0.08641975308641975,0.06172839506172839,55.0,55.0,0
223,2011-wimbledon-1307,17.0,4.0,42.0,50.0,6.0,6.0,15.0,25.0,0.04888888888888889,0.2577777777777778,0.013333333333333334,0.02666666666666667,0.28444444444444444,0.3244444444444444,0.2222222222222222,0.21333333333333335,0.13777777777777778,0.19555555555555557,0.057777777777777775,0.12,48.0,44.0,1
224,2011-wimbledon-1308,28.0,23.0,57.0,40.0,3.0,6.0,8.0,16.0,0.10648148148148148,0.1111111111111111,0.009259259259259259,0.004629629629629629,0.32407407407407407,0.3194444444444444,0.2638888888888889,0.25,0.1527777777777778,0.1574074074074074,0.09259259259259259,0.09259259259259259,55.0,39.0,0
225,2011-wimbledon-1309,3.0,4.0,26.0,30.0,1.0,3.0,15.0,23.0,0.07027027027027027,0.05945945945945946,0.02702702702702703,0.005405405405405406,0.32432432432432434,0.2864864864864865,0.23243243243243245,0.1891891891891892,0.13513513513513514,0.22702702702702704,0.0918918918918919,0.10270270270270271,35.0,55.0,0
226,2011-wimbledon-1310,3.0,29.0,21.0,48.0,0.0,3.0,9.0,13.0,0.08053691275167785,0.10067114093959731,0.0,0.026845637583892617,0.3087248322147651,0.37583892617449666,0.2348993288590604,0.33557046979865773,0.20134228187919462,0.087248322147651,0.09395973154362416,0.06040268456375839,29.0,28.0,1
227,2011-wimbledon-1311,8.0,18.0,44.0,60.0,4.0,3.0,20.0,19.0,0.05976095617529881,0.10358565737051793,0.00398406374501992,0.00796812749003984,0.27091633466135456,0.3665338645418327,0.21912350597609562,0.3107569721115538,0.199203187250996,0.13147410358565736,0.10358565737051793,0.07171314741035857,57.0,50.0,1
228,2011-wimbledon-1312,5.0,14.0,23.0,36.0,3.0,0.0,13.0,14.0,0.08571428571428572,0.05714285714285714,0.005714285714285714,0.02857142857142857,0.29714285714285715,0.36,0.19428571428571428,0.28,0.17142857142857143,0.14857142857142858,0.09142857142857143,0.08,49.0,39.0,1
229,2011-wimbledon-1313,10.0,13.0,23.0,36.0,0.0,1.0,21.0,15.0,0.0670391061452514,0.07262569832402235,0.0,0.0223463687150838,0.2681564245810056,0.3854748603351955,0.2011173184357542,0.29608938547486036,0.16759776536312848,0.16759776536312848,0.061452513966480445,0.1005586592178771,45.0,38.0,1
230,2011-wimbledon-1314,19.0,7.0,39.0,25.0,0.0,1.0,10.0,13.0,0.07228915662650602,0.09036144578313253,0.03614457831325301,0.006024096385542169,0.3072289156626506,0.3433734939759036,0.25301204819277107,0.21084337349397592,0.16265060240963855,0.1746987951807229,0.08433734939759036,0.0783132530120482,35.0,43.0,0
231,2011-wimbledon-1316,14.0,10.0,40.0,38.0,4.0,4.0,23.0,33.0,0.050980392156862744,0.054901960784313725,0.00392156862745098,0.011764705882352941,0.27450980392156865,0.3137254901960784,0.2,0.23529411764705882,0.22745098039215686,0.14901960784313725,0.12941176470588237,0.09411764705882353,71.0,49.0,1
232,2011-wimbledon-1401,13.0,11.0,61.0,44.0,1.0,4.0,16.0,21.0,0.11029411764705882,0.12867647058823528,0.003676470588235294,0.003676470588235294,0.34558823529411764,0.36764705882352944,0.27205882352941174,0.27941176470588236,0.125,0.13970588235294118,0.06985294117647059,0.07720588235294118,73.0,56.0,0
233,2011-wimbledon-1402,23.0,7.0,42.0,31.0,2.0,3.0,12.0,18.0,0.09803921568627451,0.049019607843137254,0.00980392156862745,0.0,0.28431372549019607,0.30392156862745096,0.25980392156862747,0.22549019607843138,0.16176470588235295,0.22058823529411764,0.08823529411764706,0.1323529411764706,52.0,48.0,0
234,2011-wimbledon-1403,14.0,2.0,44.0,30.0,2.0,2.0,10.0,12.0,0.07865168539325842,0.11235955056179775,0.016853932584269662,0.0,0.3146067415730337,0.34831460674157305,0.25280898876404495,0.24157303370786518,0.19662921348314608,0.11235955056179775,0.12359550561797752,0.06179775280898876,40.0,41.0,0
235,2011-wimbledon-1404,27.0,28.0,80.0,80.0,8.0,6.0,27.0,20.0,0.1464088397790055,0.06906077348066299,0.008287292817679558,0.011049723756906077,0.35082872928176795,0.2596685082872928,0.26243093922651933,0.20718232044198895,0.13535911602209943,0.212707182320442,0.06629834254143646,0.1132596685082873,74.0,80.0,1
236,2011-wimbledon-1405,7.0,12.0,28.0,37.0,5.0,2.0,18.0,15.0,0.1358695652173913,0.10326086956521739,0.0,0.016304347826086956,0.33152173913043476,0.29347826086956524,0.22826086956521738,0.2717391304347826,0.19021739130434784,0.14130434782608695,0.13043478260869565,0.08152173913043478,45.0,40.0,1
237,2011-wimbledon-1406,6.0,14.0,35.0,54.0,6.0,1.0,23.0,25.0,0.08235294117647059,0.12549019607843137,0.00392156862745098,0.023529411764705882,0.34901960784313724,0.2784313725490196,0.22745098039215686,0.23529411764705882,0.17647058823529413,0.16470588235294117,0.08627450980392157,0.08627450980392157,65.0,52.0,1
238,2011-wimbledon-1407,10.0,13.0,37.0,28.0,0.0,6.0,8.0,21.0,0.06060606060606061,0.06060606060606061,0.024242424242424242,0.0,0.3696969696969697,0.28484848484848485,0.26666666666666666,0.20606060606060606,0.13333333333333333,0.1696969696969697,0.12121212121212122,0.09696969696969697,33.0,37.0,0
239,2011-wimbledon-1408,8.0,9.0,27.0,32.0,7.0,1.0,21.0,6.0,0.16774193548387098,0.0967741935483871,0.0,0.025806451612903226,0.2838709677419355,0.3225806451612903,0.2064516129032258,0.2709677419354839,0.2,0.13548387096774195,0.1032258064516129,0.1032258064516129,39.0,29.0,1
240,2011-wimbledon-1501,5.0,12.0,43.0,33.0,1.0,0.0,13.0,27.0,0.09170305676855896,0.09606986899563319,0.026200873362445413,0.013100436681222707,0.31004366812227074,0.2838427947598253,0.24017467248908297,0.21397379912663755,0.14410480349344978,0.25327510917030566,0.08733624454148471,0.10043668122270742,56.0,56.0,0
241,2011-wimbledon-1502,13.0,7.0,40.0,31.0,3.0,5.0,11.0,23.0,0.08743169398907104,0.16939890710382513,0.01639344262295082,0.0,0.2568306010928962,0.3442622950819672,0.2185792349726776,0.26229508196721313,0.18579234972677597,0.16393442622950818,0.13114754098360656,0.060109289617486336,37.0,40.0,0
242,2011-wimbledon-1503,18.0,17.0,63.0,57.0,4.0,1.0,22.0,11.0,0.13074204946996468,0.09187279151943463,0.01060070671378092,0.0035335689045936395,0.36042402826855124,0.36395759717314485,0.26148409893992935,0.2826855123674912,0.13780918727915195,0.1166077738515901,0.10247349823321555,0.08480565371024736,67.0,62.0,0
243,2011-wimbledon-1504,7.0,14.0,43.0,39.0,2.0,4.0,41.0,27.0,0.051181102362204724,0.07086614173228346,0.011811023622047244,0.023622047244094488,0.3700787401574803,0.27165354330708663,0.23228346456692914,0.2125984251968504,0.1889763779527559,0.14173228346456693,0.09448818897637795,0.07086614173228346,53.0,50.0,1
244,2011-wimbledon-1601,6.0,15.0,37.0,42.0,1.0,5.0,7.0,39.0,0.0967741935483871,0.07834101382488479,0.02304147465437788,0.004608294930875576,0.3225806451612903,0.30414746543778803,0.2626728110599078,0.22119815668202766,0.14746543778801843,0.1935483870967742,0.08755760368663594,0.10599078341013825,49.0,42.0,0
245,2011-wimbledon-1602,12.0,5.0,41.0,34.0,5.0,1.0,29.0,13.0,0.11023622047244094,0.0984251968503937,0.011811023622047244,0.023622047244094488,0.3543307086614173,0.3110236220472441,0.24015748031496062,0.24015748031496062,0.14960629921259844,0.15748031496062992,0.07874015748031496,0.11023622047244094,78.0,58.0,1
246,2011-wimbledon-1701,5.0,7.0,21.0,27.0,1.0,1.0,15.0,12.0,0.033707865168539325,0.10674157303370786,0.016853932584269662,0.028089887640449437,0.3595505617977528,0.38764044943820225,0.24157303370786518,0.2808988764044944,0.09550561797752809,0.1404494382022472,0.0449438202247191,0.07865168539325842,53.0,49.0,1
